{
  "assetsByChunkName": {
    "vendors~app-account~app-confirmation~app-order": "chunk.685be680051cb6631bd0.js",
    "vendors~app-account~app-checkout": "chunk.aa2e99140c53cf650fb0.js",
    "vendors~app-cart~app-checkout": "chunk.912608d5d5ed83004805.js",
    "admin": [
      "admin.917daf44c9a57c92f268.js",
      "admin.917daf44c9a57c92f268.js.map"
    ],
    "app-account": "chunk.3167de69ddb1a8fe9c3d.js",
    "app-confirmation": "chunk.345164c0662472a3bbcc.js",
    "app-order": "chunk.dc3156f5519fb7d5a602.js",
    "checkout": [
      "checkout.8a55dd056726b353d5c6.js",
      "checkout.8a55dd056726b353d5c6.js.map"
    ],
    "storefront": [
      "storefront.cd4d4189a4b51d127062.css",
      "storefront.8f482aa6050440155f2b.js",
      "storefront.cd4d4189a4b51d127062.css.map",
      "storefront.8f482aa6050440155f2b.js.map"
    ],
    "vendors~app-cart": "chunk.b16d1c3e14b0e9a42dbc.js",
    "vendors~app-checkout": "chunk.72eae145a500c9d7c384.js"
  }
}