{
  "sections": [
    {
      "type": "breadcrumbs",
      "enabled": true
    },
    {
      "type": "product-block",
      "enabled": true
    },
    {
      "type": "related-products",
      "title": "Você também pode gostar"
    },
    {
      "type": "product-description",
      "enabled": true
    },
    {
      "type": "recommended-products",
      "title": "Quem comprou este produto, também comprou:"
    },
    {
      "type": "product-specifications",
      "enabled": true
    },
    {
      "type": "custom-html",
      "html": "<div class=\"ml-form-embed\"\n  data-account=\"1184030:r4h1t6y8d5\"\n  data-form=\"1703292:y6j4v6\">\n</div>"
    }
  ]
}